,Article Number,Article Title,Part,Part Title
0,1,Name and territory of the Union.,PART I,THE UNION AND ITS TERRITORY  ARTICLES
1,2,Admission or establishment of new States.  [,PART I,THE UNION AND ITS TERRITORY  ARTICLES
2,2A,Sikkim to be associated with the Union. —Omitted.],PART I,THE UNION AND ITS TERRITORY  ARTICLES
3,3,"Formation of new States and alteration of areas, boundaries or  names of existing  States.",PART I,THE UNION AND ITS TERRITORY  ARTICLES
4,4,"Laws made under articles 2 and 3 to provide for the amendment of  the First and the Fourth Schedules and supplemental, incidental  and consequential matters.",PART I,THE UNION AND ITS TERRITORY  ARTICLES
5,5,Citizenship at the commencement of the Constitution.,PART II,CITIZENSHIP
6,6,Rights of citizenship of certain persons who have migrated to  India from Pakistan.,PART II,CITIZENSHIP
7,7,Rights of citizenship of certain migrants to Pakistan.,PART II,CITIZENSHIP
8,8,Rights of citizenship of certain persons of Indian origin residing     outside India.,PART II,CITIZENSHIP
9,9,Persons voluntarily acquiring citizenship of a foreign State not to  be citizens.,PART II,CITIZENSHIP
10,10,Continuance of the rights of citizenship.,PART II,CITIZENSHIP
11,11,Parliament to regulate the right of citizenship by law.,PART II,CITIZENSHIP
12,12,Definition.,PART III,FUNDAMENTAL RIGHTS  General
13,13,Laws inconsistent with or in derogation of the fundamental  rights.   Right to Equality,PART III,FUNDAMENTAL RIGHTS  General
14,14,Equality before law.,PART III,FUNDAMENTAL RIGHTS  General
15,15,"Prohibition of discrimination on grounds of religion, race, caste,  sex or place of birth.",PART III,FUNDAMENTAL RIGHTS  General
16,16,Equality of opportunity in matters of public employment.,PART III,FUNDAMENTAL RIGHTS  General
17,17,Abolition of Untouchability.,PART III,FUNDAMENTAL RIGHTS  General
18,18,Abolition of titles.   Right to Freedom,PART III,FUNDAMENTAL RIGHTS  General
19,19,"Protection of certain rights regarding freedom of speech, etc.",PART III,FUNDAMENTAL RIGHTS  General
20,20,Protection in respect of conviction for offences.,PART III,FUNDAMENTAL RIGHTS  General
21,21,Protection of life and personal liberty.,PART III,FUNDAMENTAL RIGHTS  General
22,21A,Right to education.,PART III,FUNDAMENTAL RIGHTS  General
23,22,Protection against arrest and detention in certain cases.   Right against Exploitation,PART III,FUNDAMENTAL RIGHTS  General
24,23,Prohibition of traffic in human beings and forced labour.,PART III,FUNDAMENTAL RIGHTS  General
25,24,"Prohibition of employment of children in factories, etc.   Right to  Freedom of Religion",PART III,FUNDAMENTAL RIGHTS  General
26,25,"Freedom of conscience and free profession, practice and  propagation of religion.",PART III,FUNDAMENTAL RIGHTS  General
27,26,Freedom to manage religious affairs.,PART III,FUNDAMENTAL RIGHTS  General
28,27,Freedom as to payment of taxes for promotion of any particular  religion.,PART III,FUNDAMENTAL RIGHTS  General
29,28,Freedom as to attendance at religious instruction or religious  worship in certain educational institutions.,PART III,FUNDAMENTAL RIGHTS  General
30,29,Protection of interests of minorities.,PART III,FUNDAMENTAL RIGHTS  General
31,30,Right of minorities to establish and administer educational  institutions.  [,PART III,FUNDAMENTAL RIGHTS  General
32,31,Compulsory acquisition of property . —Omitted.]   Saving of Certain Laws,PART III,FUNDAMENTAL RIGHTS  General
33,31A,"Saving of Laws providing for acquisition of estates, etc.",PART III,FUNDAMENTAL RIGHTS  General
34,31B,Validation of certain Acts and Regulations.,PART III,FUNDAMENTAL RIGHTS  General
35,31C,Saving of laws giving effect to certain directive principles.  [,PART III,FUNDAMENTAL RIGHTS  General
36,31D,Saving of laws in respect of anti-national activities. —Omitted.]   Right to Constitutional Remedies,PART III,FUNDAMENTAL RIGHTS  General
37,32,—Omitted.],PART III,FUNDAMENTAL RIGHTS  General
38,32A,Constitutional validity of State laws not to be considered in  proceedings under article,PART III,FUNDAMENTAL RIGHTS  General
39,33,"Power of Parliament to modify the rights conferred by this Part  in their application to Forces, etc.",PART III,FUNDAMENTAL RIGHTS  General
40,34,Restriction on rights conferred by this Part while martial law is  in force in any area.,PART III,FUNDAMENTAL RIGHTS  General
41,35,Legislation to give effect to the provisions of this Part.,PART III,FUNDAMENTAL RIGHTS  General
42,36,Definition.,PART IV,DIRECTIVE PRINCIPLES OF STATE POLICY
43,37,Application of the principles contained in this Part.,PART IV,DIRECTIVE PRINCIPLES OF STATE POLICY
44,38,State to secure a social order for the promotion of welfare of the  people.,PART IV,DIRECTIVE PRINCIPLES OF STATE POLICY
45,39,Certain principles of policy to be followed by the State.,PART IV,DIRECTIVE PRINCIPLES OF STATE POLICY
46,39A,Equal justice and free legal aid.,PART IV,DIRECTIVE PRINCIPLES OF STATE POLICY
47,40,Organisation of village panchayats.,PART IV,DIRECTIVE PRINCIPLES OF STATE POLICY
48,41,"Right to work, to education and to public assistance in certain  cases.",PART IV,DIRECTIVE PRINCIPLES OF STATE POLICY
49,42,Provision for just and humane conditions of work and maternity  relief.,PART IV,DIRECTIVE PRINCIPLES OF STATE POLICY
50,43,"Living wage, etc., for workers.",PART IV,DIRECTIVE PRINCIPLES OF STATE POLICY
51,43A,Participation of workers in management of Industries.,PART IV,DIRECTIVE PRINCIPLES OF STATE POLICY
52,43B,Promotion of co-operative societies.,PART IV,DIRECTIVE PRINCIPLES OF STATE POLICY
53,44,Uniform civil code for the citizens.,PART IV,DIRECTIVE PRINCIPLES OF STATE POLICY
54,45,Provision for early childhood care and educat ion to children  below the age of six years.,PART IV,DIRECTIVE PRINCIPLES OF STATE POLICY
55,46,"Promotion of educational and economic interests of Scheduled  Castes, Scheduled Tribes and other weaker sections.",PART IV,DIRECTIVE PRINCIPLES OF STATE POLICY
56,47,Duty of the State to raise the level of nutrition and the standard  of living and to improve public health.,PART IV,DIRECTIVE PRINCIPLES OF STATE POLICY
57,48,Organisation of agriculture and animal husbandry.,PART IV,DIRECTIVE PRINCIPLES OF STATE POLICY
58,48A,Protection and improvement of environment and safeguarding of  forests and wild life.,PART IV,DIRECTIVE PRINCIPLES OF STATE POLICY
59,49,Protection of monuments and places and objects of national  importance.,PART IV,DIRECTIVE PRINCIPLES OF STATE POLICY
60,50,Separation of judiciary from executive.,PART IV,DIRECTIVE PRINCIPLES OF STATE POLICY
61,51,Promotion of international peace and security.,PART IV,DIRECTIVE PRINCIPLES OF STATE POLICY
62,51A,Fundamental duties.,PART IVA,FUNDAMENTAL DUTIES
63,52,The President of India.,PART V,THE UNION  CHAPTER  I.THE EXECUTIVE  The President and Vice-President
64,53,Executive power of the Union.,PART V,THE UNION  CHAPTER  I.THE EXECUTIVE  The President and Vice-President
65,54,Election of President.,PART V,THE UNION  CHAPTER  I.THE EXECUTIVE  The President and Vice-President
66,55,Manner of election of President.,PART V,THE UNION  CHAPTER  I.THE EXECUTIVE  The President and Vice-President
67,56,Term of office of President.,PART V,THE UNION  CHAPTER  I.THE EXECUTIVE  The President and Vice-President
68,57,Eligibility for re-election.,PART V,THE UNION  CHAPTER  I.THE EXECUTIVE  The President and Vice-President
69,58,Qualifications for election as President.,PART V,THE UNION  CHAPTER  I.THE EXECUTIVE  The President and Vice-President
70,59,Conditions of President’s office.,PART V,THE UNION  CHAPTER  I.THE EXECUTIVE  The President and Vice-President
71,60,Oath or affirmation by the President.,PART V,THE UNION  CHAPTER  I.THE EXECUTIVE  The President and Vice-President
72,61,Procedure for impeachment of the President.,PART V,THE UNION  CHAPTER  I.THE EXECUTIVE  The President and Vice-President
73,62,Time of holding election to fill vacancy in the office of President  and the term of office of person elected to fill casual vacancy.,PART V,THE UNION  CHAPTER  I.THE EXECUTIVE  The President and Vice-President
74,63,The Vice-President of India.,PART V,THE UNION  CHAPTER  I.THE EXECUTIVE  The President and Vice-President
75,64,The Vice-President to be ex officio  Chairman of the Council of  States.,PART V,THE UNION  CHAPTER  I.THE EXECUTIVE  The President and Vice-President
76,65,"The Vice-President to act as President or to discharge his  functions during casual vacancies in the office, or during the  absence, of President.",PART V,THE UNION  CHAPTER  I.THE EXECUTIVE  The President and Vice-President
77,66,Election of Vice-President.,PART V,THE UNION  CHAPTER  I.THE EXECUTIVE  The President and Vice-President
78,67,Term of office of Vice-President.,PART V,THE UNION  CHAPTER  I.THE EXECUTIVE  The President and Vice-President
79,68,Time of holding election to fill vacancy in the office of Vice-President  and the term of office of person elected to fill casual vacancy.,PART V,THE UNION  CHAPTER  I.THE EXECUTIVE  The President and Vice-President
80,69,Oath or affirmation by the Vice-President.,PART V,THE UNION  CHAPTER  I.THE EXECUTIVE  The President and Vice-President
81,70,Discharge of President’s functions in other contingencies.,PART V,THE UNION  CHAPTER  I.THE EXECUTIVE  The President and Vice-President
82,71,"Matters relating to, or connected with, the election of a President  or Vice-President.",PART V,THE UNION  CHAPTER  I.THE EXECUTIVE  The President and Vice-President
83,72,"Power of President to grant pardons, etc., and to suspend, remit  or commute sentences in certain cases.",PART V,THE UNION  CHAPTER  I.THE EXECUTIVE  The President and Vice-President
84,73,Extent of executive power of the Union.   Council of Ministers,PART V,THE UNION  CHAPTER  I.THE EXECUTIVE  The President and Vice-President
85,74,Council of Ministers  to aid and advise President .,PART V,THE UNION  CHAPTER  I.THE EXECUTIVE  The President and Vice-President
86,75,Other provisions as to Ministers.   The Attorney-General for India,PART V,THE UNION  CHAPTER  I.THE EXECUTIVE  The President and Vice-President
87,76,Attorney-General for India.,PART V,THE UNION  CHAPTER  I.THE EXECUTIVE  The President and Vice-President
88,77,Conduct of business of the Government of India.,PART V,THE UNION  CHAPTER  I.THE EXECUTIVE  The President and Vice-President
89,78,"Duties of Prime Minister as respects the furnishing of  information to the President, etc.   CHAPTER  II. PARLIAMENT  General",PART V,THE UNION  CHAPTER  I.THE EXECUTIVE  The President and Vice-President
90,79,Constitution of Parliament.,PART V,THE UNION  CHAPTER  I.THE EXECUTIVE  The President and Vice-President
91,80,Composition of the Council of States.,PART V,THE UNION  CHAPTER  I.THE EXECUTIVE  The President and Vice-President
92,81,Composition of the House of the People.,PART V,THE UNION  CHAPTER  I.THE EXECUTIVE  The President and Vice-President
93,82,Readjustment after each census.,PART V,THE UNION  CHAPTER  I.THE EXECUTIVE  The President and Vice-President
94,83,Duration of Houses of Parliament.,PART V,THE UNION  CHAPTER  I.THE EXECUTIVE  The President and Vice-President
95,84,Qualification for membership of Parliament.,PART V,THE UNION  CHAPTER  I.THE EXECUTIVE  The President and Vice-President
96,85,"Sessions of Parliament, prorogation and dissolution.",PART V,THE UNION  CHAPTER  I.THE EXECUTIVE  The President and Vice-President
97,86,Right of President to address and send messages to Houses.,PART V,THE UNION  CHAPTER  I.THE EXECUTIVE  The President and Vice-President
98,87,Special address by the President.,PART V,THE UNION  CHAPTER  I.THE EXECUTIVE  The President and Vice-President
99,88,Rights of Ministers and Attorney-General as respects Houses.     Officers of Parliament,PART V,THE UNION  CHAPTER  I.THE EXECUTIVE  The President and Vice-President
100,89,The Chairman and Deputy Chairman of the Council of States.,PART V,THE UNION  CHAPTER  I.THE EXECUTIVE  The President and Vice-President
101,90,"Vacation and resignation of, and removal from, the office of  Deputy Chairman.",PART V,THE UNION  CHAPTER  I.THE EXECUTIVE  The President and Vice-President
102,91,"Power of the Deputy Chairman or other person to perform the  duties of the office of, or to act as, Chairman.",PART V,THE UNION  CHAPTER  I.THE EXECUTIVE  The President and Vice-President
103,92,The Chairman or the Deputy Chairman not to preside while a  resolution for his removal from office is under consideration.,PART V,THE UNION  CHAPTER  I.THE EXECUTIVE  The President and Vice-President
104,93,The Speaker and Deputy Speaker of the House of the People.,PART V,THE UNION  CHAPTER  I.THE EXECUTIVE  The President and Vice-President
105,94,"Vacation and resignation of, and removal from, the offices of  Speaker and Deputy Speaker.",PART V,THE UNION  CHAPTER  I.THE EXECUTIVE  The President and Vice-President
106,95,"Power of the Deputy Speaker or other person to perform the  duties of the office of, or to act as, Speaker.",PART V,THE UNION  CHAPTER  I.THE EXECUTIVE  The President and Vice-President
107,96,The Speaker or the Deputy Speaker not to preside while a  resolution for his removal from office is under consideration.,PART V,THE UNION  CHAPTER  I.THE EXECUTIVE  The President and Vice-President
108,97,Salaries and allowances of the Chairman and Deputy Chairman  and the Speaker and Deputy Speaker.,PART V,THE UNION  CHAPTER  I.THE EXECUTIVE  The President and Vice-President
109,98,Secretariat of Parliament.     Conduct of Business,PART V,THE UNION  CHAPTER  I.THE EXECUTIVE  The President and Vice-President
110,99,Oath or affirmation by members.,PART V,THE UNION  CHAPTER  I.THE EXECUTIVE  The President and Vice-President
111,100,"Voting in Houses, power of Houses to act notwithstanding  vacancies and quorum.     Disqualifications of Members",PART V,THE UNION  CHAPTER  I.THE EXECUTIVE  The President and Vice-President
112,101,Vacation of seats.,PART V,THE UNION  CHAPTER  I.THE EXECUTIVE  The President and Vice-President
113,102,Disqualifications for membership.,PART V,THE UNION  CHAPTER  I.THE EXECUTIVE  The President and Vice-President
114,103,Decision on questions as to disqualifications of members.,PART V,THE UNION  CHAPTER  I.THE EXECUTIVE  The President and Vice-President
115,104,Penalty for sitting and voting before making oath or affirmation  under article,PART V,THE UNION  CHAPTER  I.THE EXECUTIVE  The President and Vice-President
116,105,"Powers, privileges, etc., of the Houses of Parliament and of the  members and committees thereof.",PART V,THE UNION  CHAPTER  I.THE EXECUTIVE  The President and Vice-President
117,106,Salaries and allowances of members.   Legislative Procedure,PART V,THE UNION  CHAPTER  I.THE EXECUTIVE  The President and Vice-President
118,107,Provisions as to introduction and passing of Bills.,PART V,THE UNION  CHAPTER  I.THE EXECUTIVE  The President and Vice-President
119,108,Joint sitting of both Houses in certain cases.,PART V,THE UNION  CHAPTER  I.THE EXECUTIVE  The President and Vice-President
120,109,Special procedure in respect of Money Bills.,PART V,THE UNION  CHAPTER  I.THE EXECUTIVE  The President and Vice-President
121,110,Definition of “Money Bills”.,PART V,THE UNION  CHAPTER  I.THE EXECUTIVE  The President and Vice-President
122,111,Assent to Bills.   Procedure in Financial Matters,PART V,THE UNION  CHAPTER  I.THE EXECUTIVE  The President and Vice-President
123,112,Annual financial statement.,PART V,THE UNION  CHAPTER  I.THE EXECUTIVE  The President and Vice-President
124,113,Procedure in Parliament with respect to estimates.,PART V,THE UNION  CHAPTER  I.THE EXECUTIVE  The President and Vice-President
125,114,Appropriation Bills.,PART V,THE UNION  CHAPTER  I.THE EXECUTIVE  The President and Vice-President
126,115,"Supplementary, additional or excess grants.",PART V,THE UNION  CHAPTER  I.THE EXECUTIVE  The President and Vice-President
127,116,"Votes on account, votes of credit and exceptional grants.",PART V,THE UNION  CHAPTER  I.THE EXECUTIVE  The President and Vice-President
128,117,Special provisions as  to financial Bills.    Procedure Generally,PART V,THE UNION  CHAPTER  I.THE EXECUTIVE  The President and Vice-President
129,118,Rules of procedure.,PART V,THE UNION  CHAPTER  I.THE EXECUTIVE  The President and Vice-President
130,119,Regulation by law of procedure in Parliament in relation to  financial business.,PART V,THE UNION  CHAPTER  I.THE EXECUTIVE  The President and Vice-President
131,120,Language to be used in Parliament.,PART V,THE UNION  CHAPTER  I.THE EXECUTIVE  The President and Vice-President
132,121,Restriction on discussion in Parliament.,PART V,THE UNION  CHAPTER  I.THE EXECUTIVE  The President and Vice-President
133,122,Courts not to inquire into proceedings of Parliament.    CHAPTER III. LEGISLATIVE  POWERS OF THE  PRESIDENT,PART V,THE UNION  CHAPTER  I.THE EXECUTIVE  The President and Vice-President
134,123,Power of President to promulgate Ordinances during recess of   Parliament.   CHAPTER IV.  THE UNION JUDICIARY,PART V,THE UNION  CHAPTER  I.THE EXECUTIVE  The President and Vice-President
135,124,Establishment and constitution of  the  Supreme Court.,PART V,THE UNION  CHAPTER  I.THE EXECUTIVE  The President and Vice-President
136,124A,National Judicial Appointment s Commission.,PART V,THE UNION  CHAPTER  I.THE EXECUTIVE  The President and Vice-President
137,124B,Functions of Commission.,PART V,THE UNION  CHAPTER  I.THE EXECUTIVE  The President and Vice-President
138,124C,Power of Parliament to make law.,PART V,THE UNION  CHAPTER  I.THE EXECUTIVE  The President and Vice-President
139,125,"Salaries, etc., of Judges.",PART V,THE UNION  CHAPTER  I.THE EXECUTIVE  The President and Vice-President
140,126,Appointment of acting Chief Justice.,PART V,THE UNION  CHAPTER  I.THE EXECUTIVE  The President and Vice-President
141,127,Appointment of  ad hoc Judges.,PART V,THE UNION  CHAPTER  I.THE EXECUTIVE  The President and Vice-President
142,128,Attendance of retired Judges at sittings of the Supreme Court.,PART V,THE UNION  CHAPTER  I.THE EXECUTIVE  The President and Vice-President
143,129,Supreme Court to be a court of record.,PART V,THE UNION  CHAPTER  I.THE EXECUTIVE  The President and Vice-President
144,130,Seat of Supreme Court.,PART V,THE UNION  CHAPTER  I.THE EXECUTIVE  The President and Vice-President
145,131,Original jurisdiction of the Supreme Court.    [,PART V,THE UNION  CHAPTER  I.THE EXECUTIVE  The President and Vice-President
146,131A,Exclusive jurisdiction of the Supreme Court in re gard to questions  as to constitutional validity of Central laws. Omitted.],PART V,THE UNION  CHAPTER  I.THE EXECUTIVE  The President and Vice-President
147,132,Appellate jurisdiction of the Supreme Court in appeals from  High Courts in certain cases.,PART V,THE UNION  CHAPTER  I.THE EXECUTIVE  The President and Vice-President
148,133,Appellate jurisdiction of the Supreme Court in appeals from  High Courts in regard to civil matters.,PART V,THE UNION  CHAPTER  I.THE EXECUTIVE  The President and Vice-President
149,134,Appellate jurisdiction of the Supreme Court in regard to criminal  matters.,PART V,THE UNION  CHAPTER  I.THE EXECUTIVE  The President and Vice-President
150,134A,Certificate for appeal to the Supreme Court.,PART V,THE UNION  CHAPTER  I.THE EXECUTIVE  The President and Vice-President
151,135,Jurisdiction and powers of the Federal Court under existing law  to be exercisable by the Supreme Court.,PART V,THE UNION  CHAPTER  I.THE EXECUTIVE  The President and Vice-President
152,136,Special leave to appeal by the Supreme Court.,PART V,THE UNION  CHAPTER  I.THE EXECUTIVE  The President and Vice-President
153,137,Review of judgments or orders by the Supreme Court.,PART V,THE UNION  CHAPTER  I.THE EXECUTIVE  The President and Vice-President
154,138,Enlargement of the jurisdiction of the Supreme Court.,PART V,THE UNION  CHAPTER  I.THE EXECUTIVE  The President and Vice-President
155,139,Conferment on the Supreme Court of powers to issue certain  writs.,PART V,THE UNION  CHAPTER  I.THE EXECUTIVE  The President and Vice-President
156,139A,Transfer of certain cases.,PART V,THE UNION  CHAPTER  I.THE EXECUTIVE  The President and Vice-President
157,140,Ancillary powers of the Supreme Court.,PART V,THE UNION  CHAPTER  I.THE EXECUTIVE  The President and Vice-President
158,141,Law declared by Supreme Court to be binding on all courts.,PART V,THE UNION  CHAPTER  I.THE EXECUTIVE  The President and Vice-President
159,142,"Enforcement of decrees and orders of the Supreme Court and  orders as to discovery, etc.",PART V,THE UNION  CHAPTER  I.THE EXECUTIVE  The President and Vice-President
160,143,Power of the President to consult the Supreme Court.,PART V,THE UNION  CHAPTER  I.THE EXECUTIVE  The President and Vice-President
161,144,Civil and judicial authorities to act in aid of the Supreme     Court.  [,PART V,THE UNION  CHAPTER  I.THE EXECUTIVE  The President and Vice-President
162,144A,Special provisions as to disposal of questions relating to  constitutional validity of laws. Omitted.],PART V,THE UNION  CHAPTER  I.THE EXECUTIVE  The President and Vice-President
163,145,"Rules of Court, etc.",PART V,THE UNION  CHAPTER  I.THE EXECUTIVE  The President and Vice-President
164,146,Officers and servants and the expenses of the Supreme Court.,PART V,THE UNION  CHAPTER  I.THE EXECUTIVE  The President and Vice-President
165,147,Interpretation.   CHAPTER V. COMPTROLLER AND AUDITOR- GENERAL OF INDIA,PART V,THE UNION  CHAPTER  I.THE EXECUTIVE  The President and Vice-President
166,148,Comptroller and Auditor-General of India.,PART V,THE UNION  CHAPTER  I.THE EXECUTIVE  The President and Vice-President
167,149,Duties and powers of the Comptroller and Auditor-General.,PART V,THE UNION  CHAPTER  I.THE EXECUTIVE  The President and Vice-President
168,150,Form of accounts of the Union and of the States.,PART V,THE UNION  CHAPTER  I.THE EXECUTIVE  The President and Vice-President
169,151,Audit reports.,PART V,THE UNION  CHAPTER  I.THE EXECUTIVE  The President and Vice-President
170,152,Definition.,PART VI,THE STATES  CHAPTER I.  GENERAL
171,153,Governors of States.,PART VI,THE STATES  CHAPTER I.  GENERAL
172,154,Executive power of State.,PART VI,THE STATES  CHAPTER I.  GENERAL
173,155,Appointment of Governor.,PART VI,THE STATES  CHAPTER I.  GENERAL
174,156,Term of office of Governor.,PART VI,THE STATES  CHAPTER I.  GENERAL
175,157,Qualifications for appointment as Governor.,PART VI,THE STATES  CHAPTER I.  GENERAL
176,158,Conditions of Governor’s office.,PART VI,THE STATES  CHAPTER I.  GENERAL
177,159,Oath or affirmation by the Governor.,PART VI,THE STATES  CHAPTER I.  GENERAL
178,160,Discharge of the functions of the Governor in certain  contingencies.,PART VI,THE STATES  CHAPTER I.  GENERAL
179,161,"Power of Governor to grant pardons, etc., and to suspend, remit  or commute sentences in certain cases.",PART VI,THE STATES  CHAPTER I.  GENERAL
180,162,Extent of executive power of the State.   Council of Ministers,PART VI,THE STATES  CHAPTER I.  GENERAL
181,163,Council of Ministers to aid and advise Governor.,PART VI,THE STATES  CHAPTER I.  GENERAL
182,164,Other provisions as to Ministers.   The Advocate-General for the State,PART VI,THE STATES  CHAPTER I.  GENERAL
183,165,Advocate-General for the State.   Conduct of Government Business,PART VI,THE STATES  CHAPTER I.  GENERAL
184,166,Conduct of business of the Government of a State.,PART VI,THE STATES  CHAPTER I.  GENERAL
185,167,"Duties of Chief Minister as respects the furnishing of  information to Governor, etc.   CHAPTER III. THE STATE LEGISLATURE  General",PART VI,THE STATES  CHAPTER I.  GENERAL
186,168,Constitution of Legislatures in States.,PART VI,THE STATES  CHAPTER I.  GENERAL
187,169,Abolition or creation of Legislative Councils in States.,PART VI,THE STATES  CHAPTER I.  GENERAL
188,170,Composition of the Legislative Assemblies.,PART VI,THE STATES  CHAPTER I.  GENERAL
189,171,Composition of the Legislative Councils.,PART VI,THE STATES  CHAPTER I.  GENERAL
190,172,Duration of State Legislatures.,PART VI,THE STATES  CHAPTER I.  GENERAL
191,173,Qualification for membership of the State Legislature.,PART VI,THE STATES  CHAPTER I.  GENERAL
192,174,"Sessions of the State Legislature, prorogation and dissolution.",PART VI,THE STATES  CHAPTER I.  GENERAL
193,175,Right of Governor to address and send messages to the House or  Houses.,PART VI,THE STATES  CHAPTER I.  GENERAL
194,176,Special address by the Governor.,PART VI,THE STATES  CHAPTER I.  GENERAL
195,177,Rights of Ministers and Advocate-General as respects the  Houses.   Officers of the State Legislature,PART VI,THE STATES  CHAPTER I.  GENERAL
196,178,The Speaker and Deputy Speaker of the Legislative Assembly.,PART VI,THE STATES  CHAPTER I.  GENERAL
197,179,"Vacation and resignation of, and removal from, the offices of  Speaker  and Deputy Speaker.",PART VI,THE STATES  CHAPTER I.  GENERAL
198,180,"Power of the Deputy Speaker or other person to perform the  duties of the office of, or to act as, Speaker.",PART VI,THE STATES  CHAPTER I.  GENERAL
199,181,The Speaker or the Deputy Speaker not to preside while a  resolution for his removal from office is under consideration.,PART VI,THE STATES  CHAPTER I.  GENERAL
200,182,The Chairman and Deputy Chairman of the Legislative Council.,PART VI,THE STATES  CHAPTER I.  GENERAL
201,183,"Vacation and resignation of, and removal from, the offices of  Chairman and Deputy Chairman.",PART VI,THE STATES  CHAPTER I.  GENERAL
202,184,"Power of the Deputy Chairman or other person to perform the  duties of the office of, or to act as, Chairman.",PART VI,THE STATES  CHAPTER I.  GENERAL
203,185,The Chairman or the Deputy Chairman not to preside while a  resolution for his removal from office is under consideration.,PART VI,THE STATES  CHAPTER I.  GENERAL
204,186,Salaries and allowances of the Speaker and Deputy Speaker and  the Chairman and Deputy Chairman.,PART VI,THE STATES  CHAPTER I.  GENERAL
205,187,Secretariat of State Legislature.   Conduct of Business,PART VI,THE STATES  CHAPTER I.  GENERAL
206,188,Oath or affirmation by members.,PART VI,THE STATES  CHAPTER I.  GENERAL
207,189,"Voting in Houses, power of Houses to act notwithstanding  vacancies and quorum.   Disqualifications of Members",PART VI,THE STATES  CHAPTER I.  GENERAL
208,190,Vacation of seats.,PART VI,THE STATES  CHAPTER I.  GENERAL
209,191,Disqualifications for membership.,PART VI,THE STATES  CHAPTER I.  GENERAL
210,192,Decision on questions as to disqualifications of members.,PART VI,THE STATES  CHAPTER I.  GENERAL
211,193,Penalty for sitting and voting before making oath or affirmation  under article,PART VI,THE STATES  CHAPTER I.  GENERAL
212,194,"Powers, privileges, etc., of the Houses of Legislatures and of the  members and committees thereof.",PART VI,THE STATES  CHAPTER I.  GENERAL
213,195,Salaries and allowances of members.   Legislative Procedure,PART VI,THE STATES  CHAPTER I.  GENERAL
214,196,Provisions as to introduction and passing of Bills.,PART VI,THE STATES  CHAPTER I.  GENERAL
215,197,Restriction on powers of Legislative Council as to Bills other  than Money Bills.,PART VI,THE STATES  CHAPTER I.  GENERAL
216,198,Special procedure in respect of Money Bills.,PART VI,THE STATES  CHAPTER I.  GENERAL
217,199,Definition of “Money Bills”.,PART VI,THE STATES  CHAPTER I.  GENERAL
218,200,Assent to Bills.,PART VI,THE STATES  CHAPTER I.  GENERAL
219,201,Bills reserved for consideration.   Procedure in Financial Matters,PART VI,THE STATES  CHAPTER I.  GENERAL
220,202,Annual financial statement.,PART VI,THE STATES  CHAPTER I.  GENERAL
221,203,Procedure in Legislature with respect to estimates.,PART VI,THE STATES  CHAPTER I.  GENERAL
222,204,Appropriation Bills.,PART VI,THE STATES  CHAPTER I.  GENERAL
223,205,"Supplementary, additional or excess grants.",PART VI,THE STATES  CHAPTER I.  GENERAL
224,206,"Votes on account, votes of credit and exceptional grants.",PART VI,THE STATES  CHAPTER I.  GENERAL
225,207,Special provisions as to financial Bills.   Procedure Generally,PART VI,THE STATES  CHAPTER I.  GENERAL
226,208,Rules of procedure.,PART VI,THE STATES  CHAPTER I.  GENERAL
227,209,Regulation by law of procedure in the Legislature of the State in  relation to financial business.,PART VI,THE STATES  CHAPTER I.  GENERAL
228,210,Language to be used in the Legislature.,PART VI,THE STATES  CHAPTER I.  GENERAL
229,211,Restriction on discussion in the Legislature.,PART VI,THE STATES  CHAPTER I.  GENERAL
230,212,Courts not to inquire into proceedings of the Legislature.    CHAPTER IV. LEGISLATIVE  POWER OF THE  GOVERNOR,PART VI,THE STATES  CHAPTER I.  GENERAL
231,213,Power of Governor to promul gate Ordinances during recess of  Legislature .   CHAPTER V. THE  HIGH COURTS IN THE  STATES,PART VI,THE STATES  CHAPTER I.  GENERAL
232,214,High Courts for States.,PART VI,THE STATES  CHAPTER I.  GENERAL
233,215,High Courts to be courts of record.,PART VI,THE STATES  CHAPTER I.  GENERAL
234,216,Constitution of High Courts.,PART VI,THE STATES  CHAPTER I.  GENERAL
235,217,Appointment and conditions of the office of a Jud ge of a High  Court.,PART VI,THE STATES  CHAPTER I.  GENERAL
236,218,Application of certain provisions relating to Supreme Court to  High Courts.,PART VI,THE STATES  CHAPTER I.  GENERAL
237,219,Oath or affirmation by Judges of High Courts.,PART VI,THE STATES  CHAPTER I.  GENERAL
238,220,Restriction on practice after being a permanent Judge.,PART VI,THE STATES  CHAPTER I.  GENERAL
239,221,"Salaries, etc., of Judges.",PART VI,THE STATES  CHAPTER I.  GENERAL
240,222,Transfer of a Judge from one High Court to another.,PART VI,THE STATES  CHAPTER I.  GENERAL
241,223,Appointment of acting Chief Justice.,PART VI,THE STATES  CHAPTER I.  GENERAL
242,224,Appointment of additional and acting Judges.,PART VI,THE STATES  CHAPTER I.  GENERAL
243,224A,Appointment of retired Judges at sittings of High Courts.,PART VI,THE STATES  CHAPTER I.  GENERAL
244,225,Jurisdiction of existing High Cour ts.,PART VI,THE STATES  CHAPTER I.  GENERAL
245,226,Power of High Courts to issue certain writs.   [,PART VI,THE STATES  CHAPTER I.  GENERAL
246,226A,Constitutional validity of Central laws not to be considered in  proceedings under article,PART VI,THE STATES  CHAPTER I.  GENERAL
247,227,Power of superintendence over all courts by the High Court.,PART VI,THE STATES  CHAPTER I.  GENERAL
248,228,Transfer of cert ain cases to High Court.   [,PART VI,THE STATES  CHAPTER I.  GENERAL
249,228A,Special provisions as to disposal of questions relating to  constitutional validity of State laws. Omitted.],PART VI,THE STATES  CHAPTER I.  GENERAL
250,229,Officers and servants and the expenses of High Courts.,PART VI,THE STATES  CHAPTER I.  GENERAL
251,230,Extension of jurisdiction of High Courts to Union territories.,PART VI,THE STATES  CHAPTER I.  GENERAL
252,231,Establishment of a common High Court for two or more States.  [,PART VI,THE STATES  CHAPTER I.  GENERAL
253,232,"Articles 230, 231 and 232 substituted by articles 230 and 231].   CHAPTER VI. SUBORDINATE COURTS",PART VI,THE STATES  CHAPTER I.  GENERAL
254,233,Appointment of district judges.,PART VI,THE STATES  CHAPTER I.  GENERAL
255,233A,"Validation of appointments of, and judgments, etc., delivered by,  certain district judges.",PART VI,THE STATES  CHAPTER I.  GENERAL
256,234,Recruitment of persons other than district judges to the judicial  service.,PART VI,THE STATES  CHAPTER I.  GENERAL
257,235,Control over subordinate courts.,PART VI,THE STATES  CHAPTER I.  GENERAL
258,236,Interpretation.,PART VI,THE STATES  CHAPTER I.  GENERAL
259,237,Application of the provisions of this Chapter to certain class or  classes of magistrates.   [,PART VI,THE STATES  CHAPTER I.  GENERAL
260,238,Omitted.],PART VII,Omitted]   THE STATES IN PART B OF THE FIRST SCHEDULE    [
261,239,Administration of Union territories.,PART VIII,THE UNION TERRITORIES
262,239A,Creation of local Legislatures or Council of Ministers or both for  certain Union territories.,PART VIII,THE UNION TERRITORIES
263,239AA,Special provisions with respect to Delhi.,PART VIII,THE UNION TERRITORIES
264,239AB,Provision in case of failure of constitutional machinery.,PART VIII,THE UNION TERRITORIES
265,239B,Power of administrator to promulgate Ordinances during recess  of Legislature.,PART VIII,THE UNION TERRITORIES
266,240,Power of President to make regulations for certain Union  territories.,PART VIII,THE UNION TERRITORIES
267,241,High Courts for Union territories.  [,PART VIII,THE UNION TERRITORIES
268,242,Coorg.Omitted.],PART VIII,THE UNION TERRITORIES
269,243,Definitions.,PART IX,THE PANCHAYATS
270,243A,Gram Sabha.,PART IX,THE PANCHAYATS
271,243B,Constitution of Panchayats.,PART IX,THE PANCHAYATS
272,243C,Composition of Panchayats.,PART IX,THE PANCHAYATS
273,243D,Reservation of seats.,PART IX,THE PANCHAYATS
274,243E,"Duration of Panchayats, etc.",PART IX,THE PANCHAYATS
275,243F,Disqualifications for membership.,PART IX,THE PANCHAYATS
276,243G,"Powers, authority and responsibilities of Panchayats.",PART IX,THE PANCHAYATS
277,243H,"Powers to impose taxes by, and Funds of, the Panchayats.",PART IX,THE PANCHAYATS
278,243J,Audit of accounts of Panchayats.,PART IX,THE PANCHAYATS
279,243K,Elections to the Panchayats.,PART IX,THE PANCHAYATS
280,243L,Application to Union  territories.,PART IX,THE PANCHAYATS
281,243M,Part not to apply to certain areas.,PART IX,THE PANCHAYATS
282,243N,Continuance of existing laws and Panchayats.,PART IX,THE PANCHAYATS
283,243P,Definitions.,PART IXA,THE MUNICIPALITIES
284,243Q,Constitution of Municipalities.,PART IXA,THE MUNICIPALITIES
285,243R,Composition of Municipalities.,PART IXA,THE MUNICIPALITIES
286,243S,"Constitution and composition of Wards Committees, etc.",PART IXA,THE MUNICIPALITIES
287,243T,Reservation of seats.,PART IXA,THE MUNICIPALITIES
288,243U,"Duration of Municipalities, etc.",PART IXA,THE MUNICIPALITIES
289,243V,Disqualifications for membership.,PART IXA,THE MUNICIPALITIES
290,243W,"Powers, authority and responsibilities of Municipalities, etc.",PART IXA,THE MUNICIPALITIES
291,243X,"Power to impose taxes by, and Funds of, the Municipalities.",PART IXA,THE MUNICIPALITIES
292,243Y,Finance Commission.,PART IXA,THE MUNICIPALITIES
293,243Z,Audit of accounts of Municipalities.,PART IXA,THE MUNICIPALITIES
294,243ZA,Elections to the Municipalities.,PART IXA,THE MUNICIPALITIES
295,243ZB,Application to Union territories.,PART IXA,THE MUNICIPALITIES
296,243ZC,Part not to apply to certain areas.,PART IXA,THE MUNICIPALITIES
297,243ZD,Committee for district planning.,PART IXA,THE MUNICIPALITIES
298,243ZE,Committee for Metropolitan planning.,PART IXA,THE MUNICIPALITIES
299,243ZF,Continuance of existing laws and Municipalities.,PART IXA,THE MUNICIPALITIES
300,243ZG,Bar to interference by courts in electoral matters.,PART IXA,THE MUNICIPALITIES
301,243ZH,Definitions.,PART IXB,THE CO-OPERATIVE SOCIETIES
302,243ZJ,Number and term of members of board and its office bearers.,PART IXB,THE CO-OPERATIVE SOCIETIES
303,243ZK,Election of members of board.,PART IXB,THE CO-OPERATIVE SOCIETIES
304,243ZL,Supersession and suspension of board and interim management.,PART IXB,THE CO-OPERATIVE SOCIETIES
305,243ZM,Audit of accounts of co-operative societies.,PART IXB,THE CO-OPERATIVE SOCIETIES
306,243ZN,Convening of general body meetings.,PART IXB,THE CO-OPERATIVE SOCIETIES
307,243ZP,Returns.,PART IXB,THE CO-OPERATIVE SOCIETIES
308,243ZQ,Offences and penalties.,PART IXB,THE CO-OPERATIVE SOCIETIES
309,243ZR,Application to multi-State co-operative societies.,PART IXB,THE CO-OPERATIVE SOCIETIES
310,243ZS,Application to Union territories.,PART IXB,THE CO-OPERATIVE SOCIETIES
311,243ZT,Continuance of existing laws.,PART IXB,THE CO-OPERATIVE SOCIETIES
312,244,Administration of Scheduled Areas and Tribal Areas.,PART X,THE SCHEDULED AND TRIBAL AREAS
313,244A,Formation of an autonomous State comprising certain tribal  areas in Assam and creation of local Legislature or Council of  Ministers or both therefor.,PART X,THE SCHEDULED AND TRIBAL AREAS
314,245,Extent of laws made by Parliament and by the Legislatures of  States.,PART XI,RELATIONS BETWEEN THE UNION AND THE  STATES  CHAPTER I. LEGISLATIVE  RELATIONS  Distribution of Legislative Powers
315,246,Subject-matter of laws made by Parliament and by the  Legislatures of States.,PART XI,RELATIONS BETWEEN THE UNION AND THE  STATES  CHAPTER I. LEGISLATIVE  RELATIONS  Distribution of Legislative Powers
316,246A,Special provision with respect to goods and services tax.,PART XI,RELATIONS BETWEEN THE UNION AND THE  STATES  CHAPTER I. LEGISLATIVE  RELATIONS  Distribution of Legislative Powers
317,247,Power of Parliament to provide for the establishment of certain  additional courts.,PART XI,RELATIONS BETWEEN THE UNION AND THE  STATES  CHAPTER I. LEGISLATIVE  RELATIONS  Distribution of Legislative Powers
318,248,Residuary powers of legislation.,PART XI,RELATIONS BETWEEN THE UNION AND THE  STATES  CHAPTER I. LEGISLATIVE  RELATIONS  Distribution of Legislative Powers
319,249,Power of Parliament to legislate with respect to a matter in the  State List in the national interest.,PART XI,RELATIONS BETWEEN THE UNION AND THE  STATES  CHAPTER I. LEGISLATIVE  RELATIONS  Distribution of Legislative Powers
320,250,Power of Parliament to legislate with respect to any matter in the  State List if a Proclamation of Emergency is in operation.,PART XI,RELATIONS BETWEEN THE UNION AND THE  STATES  CHAPTER I. LEGISLATIVE  RELATIONS  Distribution of Legislative Powers
321,251,Inconsistency between laws made by Parliament under articles,PART XI,RELATIONS BETWEEN THE UNION AND THE  STATES  CHAPTER I. LEGISLATIVE  RELATIONS  Distribution of Legislative Powers
322,252,Power of Parliament to legislate for two or more States by  consent and adoption of such legislation by any other State.,PART XI,RELATIONS BETWEEN THE UNION AND THE  STATES  CHAPTER I. LEGISLATIVE  RELATIONS  Distribution of Legislative Powers
323,253,Legislation for giving effect to international agreements.,PART XI,RELATIONS BETWEEN THE UNION AND THE  STATES  CHAPTER I. LEGISLATIVE  RELATIONS  Distribution of Legislative Powers
324,254,Inconsistency between laws made by Parliament and laws made  by the Legislatures of States.,PART XI,RELATIONS BETWEEN THE UNION AND THE  STATES  CHAPTER I. LEGISLATIVE  RELATIONS  Distribution of Legislative Powers
325,255,Requirements as to recommendations and previous sanctions to  be regarded as matters of procedure only.   CHAPTER II.  ADMINISTRATIVE RELATIONS  General,PART XI,RELATIONS BETWEEN THE UNION AND THE  STATES  CHAPTER I. LEGISLATIVE  RELATIONS  Distribution of Legislative Powers
326,256,Obligation of States and the Union.,PART XI,RELATIONS BETWEEN THE UNION AND THE  STATES  CHAPTER I. LEGISLATIVE  RELATIONS  Distribution of Legislative Powers
327,257,Control of the Union over States in certain cases.    [,PART XI,RELATIONS BETWEEN THE UNION AND THE  STATES  CHAPTER I. LEGISLATIVE  RELATIONS  Distribution of Legislative Powers
328,257A,Assistance to States by deployment of armed forces or other  forces of the Union. Omitted.],PART XI,RELATIONS BETWEEN THE UNION AND THE  STATES  CHAPTER I. LEGISLATIVE  RELATIONS  Distribution of Legislative Powers
329,258,"Power of the Union to confer powers, etc., on States in certain  cases.",PART XI,RELATIONS BETWEEN THE UNION AND THE  STATES  CHAPTER I. LEGISLATIVE  RELATIONS  Distribution of Legislative Powers
330,258A,Power of the States to entrust functions to the Union.     [,PART XI,RELATIONS BETWEEN THE UNION AND THE  STATES  CHAPTER I. LEGISLATIVE  RELATIONS  Distribution of Legislative Powers
331,259,Armed Forces in States in Part B of the First  Schedule. Omitted.],PART XI,RELATIONS BETWEEN THE UNION AND THE  STATES  CHAPTER I. LEGISLATIVE  RELATIONS  Distribution of Legislative Powers
332,260,Jurisdiction of the Union in relation to territories outside India.,PART XI,RELATIONS BETWEEN THE UNION AND THE  STATES  CHAPTER I. LEGISLATIVE  RELATIONS  Distribution of Legislative Powers
333,261,"Public acts, records and judicial proceedings.   Disputes relating to Waters",PART XI,RELATIONS BETWEEN THE UNION AND THE  STATES  CHAPTER I. LEGISLATIVE  RELATIONS  Distribution of Legislative Powers
334,262,Adjudication of disputes relating to waters of  inter-State rivers  or river valleys.   Co-ordination between States,PART XI,RELATIONS BETWEEN THE UNION AND THE  STATES  CHAPTER I. LEGISLATIVE  RELATIONS  Distribution of Legislative Powers
335,263,Provisions with respect to an inter-State Council.,PART XI,RELATIONS BETWEEN THE UNION AND THE  STATES  CHAPTER I. LEGISLATIVE  RELATIONS  Distribution of Legislative Powers
336,264,Interpretation.,PART XII,"FINANCE, PROPERTY, CONTRACTS AND SUITS  CHAPTER I. FINANCE  General"
337,265,Taxes not to be imposed save by authority of law.,PART XII,"FINANCE, PROPERTY, CONTRACTS AND SUITS  CHAPTER I. FINANCE  General"
338,266,Consolidated Funds and public accounts of India and of the  States.,PART XII,"FINANCE, PROPERTY, CONTRACTS AND SUITS  CHAPTER I. FINANCE  General"
339,267,Contingency Fund.   Distribution of Revenues between the Union and the States,PART XII,"FINANCE, PROPERTY, CONTRACTS AND SUITS  CHAPTER I. FINANCE  General"
340,268,Duties levied by the Union but collected and appropriated by the  States.   [,PART XII,"FINANCE, PROPERTY, CONTRACTS AND SUITS  CHAPTER I. FINANCE  General"
341,268A,Service tax levied by Union and collected by the Union and the  States.Omitted.],PART XII,"FINANCE, PROPERTY, CONTRACTS AND SUITS  CHAPTER I. FINANCE  General"
342,269,Taxes levied and collected by the Union but assigned to the  States.,PART XII,"FINANCE, PROPERTY, CONTRACTS AND SUITS  CHAPTER I. FINANCE  General"
343,269A,Levy and collection of goods and services tax in course of inter- State trade or commerce.,PART XII,"FINANCE, PROPERTY, CONTRACTS AND SUITS  CHAPTER I. FINANCE  General"
344,270,Taxes levied and  distributed between the Union and the States.,PART XII,"FINANCE, PROPERTY, CONTRACTS AND SUITS  CHAPTER I. FINANCE  General"
345,271,Surcharge on certain duties and taxes for purposes of the Union.  [,PART XII,"FINANCE, PROPERTY, CONTRACTS AND SUITS  CHAPTER I. FINANCE  General"
346,272,Taxes which are levied and collected by the Union and may be  distributed between the Union and the States. Omitted.],PART XII,"FINANCE, PROPERTY, CONTRACTS AND SUITS  CHAPTER I. FINANCE  General"
347,273,Grants in lieu of export duty on jute and jute products.,PART XII,"FINANCE, PROPERTY, CONTRACTS AND SUITS  CHAPTER I. FINANCE  General"
348,274,Prior recommendation of President required to Bills affecting  taxation in which States are interested.,PART XII,"FINANCE, PROPERTY, CONTRACTS AND SUITS  CHAPTER I. FINANCE  General"
349,275,Grants from the Union to certain States.,PART XII,"FINANCE, PROPERTY, CONTRACTS AND SUITS  CHAPTER I. FINANCE  General"
350,276,"Taxes on professions, trades, callings and employments.",PART XII,"FINANCE, PROPERTY, CONTRACTS AND SUITS  CHAPTER I. FINANCE  General"
351,277,Savings.  [,PART XII,"FINANCE, PROPERTY, CONTRACTS AND SUITS  CHAPTER I. FINANCE  General"
352,278,Agreement with States in Part B of the First Schedule with  regard to certain financial matters. Omitted.],PART XII,"FINANCE, PROPERTY, CONTRACTS AND SUITS  CHAPTER I. FINANCE  General"
353,279,"Calculation of  “net proceeds”, etc.",PART XII,"FINANCE, PROPERTY, CONTRACTS AND SUITS  CHAPTER I. FINANCE  General"
354,279A,Goods and Services Tax Council.,PART XII,"FINANCE, PROPERTY, CONTRACTS AND SUITS  CHAPTER I. FINANCE  General"
355,280,Finance Commission.,PART XII,"FINANCE, PROPERTY, CONTRACTS AND SUITS  CHAPTER I. FINANCE  General"
356,281,Recommendations of the Finance Commission.   Miscellaneous Financial Provisions,PART XII,"FINANCE, PROPERTY, CONTRACTS AND SUITS  CHAPTER I. FINANCE  General"
357,282,Expenditure defrayable by the Union or a State out of its  revenues.,PART XII,"FINANCE, PROPERTY, CONTRACTS AND SUITS  CHAPTER I. FINANCE  General"
358,283,"Custody, etc., of Consolidated Funds, Contingency Funds and  moneys credited to the public accounts.",PART XII,"FINANCE, PROPERTY, CONTRACTS AND SUITS  CHAPTER I. FINANCE  General"
359,284,Custody of suitors’  deposits and other moneys received by  public servants and courts.,PART XII,"FINANCE, PROPERTY, CONTRACTS AND SUITS  CHAPTER I. FINANCE  General"
360,285,Exemption of property of the Union from State taxation.,PART XII,"FINANCE, PROPERTY, CONTRACTS AND SUITS  CHAPTER I. FINANCE  General"
361,286,Restrictions as to imposition of tax on the sale or purchase of  goods.,PART XII,"FINANCE, PROPERTY, CONTRACTS AND SUITS  CHAPTER I. FINANCE  General"
362,287,Exemption from taxes on electricity.,PART XII,"FINANCE, PROPERTY, CONTRACTS AND SUITS  CHAPTER I. FINANCE  General"
363,288,Exemption from taxation by States in respe ct of water or  electricity in certain cases.,PART XII,"FINANCE, PROPERTY, CONTRACTS AND SUITS  CHAPTER I. FINANCE  General"
364,289,Exemption of property and income of a State from Union  taxation.,PART XII,"FINANCE, PROPERTY, CONTRACTS AND SUITS  CHAPTER I. FINANCE  General"
365,290,Adjustment in respect of certain expenses and pensions.,PART XII,"FINANCE, PROPERTY, CONTRACTS AND SUITS  CHAPTER I. FINANCE  General"
366,290A,Annual payment to certain Devaswom Funds.   [,PART XII,"FINANCE, PROPERTY, CONTRACTS AND SUITS  CHAPTER I. FINANCE  General"
367,291,Privy purse sums of Ru lers.Omitted.]   CHAPTER II.  BORROWING,PART XII,"FINANCE, PROPERTY, CONTRACTS AND SUITS  CHAPTER I. FINANCE  General"
368,292,Borrowing by the Government of India.,PART XII,"FINANCE, PROPERTY, CONTRACTS AND SUITS  CHAPTER I. FINANCE  General"
369,293,Borrowing by States.,PART XII,"FINANCE, PROPERTY, CONTRACTS AND SUITS  CHAPTER I. FINANCE  General"
370,294,"Succession to property, assets, rights, liabilities and  obligations  in certain cases.",PART XII,"FINANCE, PROPERTY, CONTRACTS AND SUITS  CHAPTER I. FINANCE  General"
371,295,"Succession to property, assets, rights, liabilities and obligations  in other cases.",PART XII,"FINANCE, PROPERTY, CONTRACTS AND SUITS  CHAPTER I. FINANCE  General"
372,296,Property accruing by escheat or laps e or as bona vacantia.,PART XII,"FINANCE, PROPERTY, CONTRACTS AND SUITS  CHAPTER I. FINANCE  General"
373,297,Things of value within territorial waters or continental s helf and  resources of the exclusive economic zone to vest in the Union.,PART XII,"FINANCE, PROPERTY, CONTRACTS AND SUITS  CHAPTER I. FINANCE  General"
374,298,"Power to carry on trade, etc.",PART XII,"FINANCE, PROPERTY, CONTRACTS AND SUITS  CHAPTER I. FINANCE  General"
375,299,Contracts.,PART XII,"FINANCE, PROPERTY, CONTRACTS AND SUITS  CHAPTER I. FINANCE  General"
376,300,Suits and proceedings.    CHAPTER IV.  RIGHT  TO PROPERTY,PART XII,"FINANCE, PROPERTY, CONTRACTS AND SUITS  CHAPTER I. FINANCE  General"
377,300A,Persons not to be deprived of property save by authori ty of law.,PART XII,"FINANCE, PROPERTY, CONTRACTS AND SUITS  CHAPTER I. FINANCE  General"
378,301,"Freedom of trade, commerce and intercourse.",PART XIII,"TRADE, COMMERCE AND INTERCOURSE  WITHIN THE TERRITORY OF INDIA"
379,302,"Power of Parliament to impose restrictions on trade, commerce  and intercourse.",PART XIII,"TRADE, COMMERCE AND INTERCOURSE  WITHIN THE TERRITORY OF INDIA"
380,303,Restrictions on the legislat ive powers of the Union and of the  States with regard to trade and commerce.,PART XIII,"TRADE, COMMERCE AND INTERCOURSE  WITHIN THE TERRITORY OF INDIA"
381,304,"Restrictions on trade, commerce and intercourse among States.",PART XIII,"TRADE, COMMERCE AND INTERCOURSE  WITHIN THE TERRITORY OF INDIA"
382,305,Saving of existing laws and laws providing for State monopolies.  [,PART XIII,"TRADE, COMMERCE AND INTERCOURSE  WITHIN THE TERRITORY OF INDIA"
383,306,Power  of  certain  States  in  Part B  of  the  First  Schedule to  impose  restrictions  on  trade  and  commerce. Omitted],PART XIII,"TRADE, COMMERCE AND INTERCOURSE  WITHIN THE TERRITORY OF INDIA"
384,307,Appointment of authority for carrying out the purposes of  articles,PART XIII,"TRADE, COMMERCE AND INTERCOURSE  WITHIN THE TERRITORY OF INDIA"
385,308,Interpretation.,PART XIV,SERVICES UNDER THE UNION AND THE STATES  CHAPTER I.  SERVICES
386,309,Recruitment and conditions of service of persons serving the  Union or a State.,PART XIV,SERVICES UNDER THE UNION AND THE STATES  CHAPTER I.  SERVICES
387,310,Tenure of office of persons serving the Union or a State.,PART XIV,SERVICES UNDER THE UNION AND THE STATES  CHAPTER I.  SERVICES
388,311,"Dismissal, removal or reduction in rank of persons employed in  civil capacities under the Union or a State.",PART XIV,SERVICES UNDER THE UNION AND THE STATES  CHAPTER I.  SERVICES
389,312,All-India services.,PART XIV,SERVICES UNDER THE UNION AND THE STATES  CHAPTER I.  SERVICES
390,312A,Power of Parliament to vary or revoke conditions of service of  officers of certain services.,PART XIV,SERVICES UNDER THE UNION AND THE STATES  CHAPTER I.  SERVICES
391,313,Transitional provisions.  [,PART XIV,SERVICES UNDER THE UNION AND THE STATES  CHAPTER I.  SERVICES
392,314,Provision for protection of existing officers of certain services.   Omitted.]   CHAPTER II.—PUBLIC SERVICE COMMISSIONS,PART XIV,SERVICES UNDER THE UNION AND THE STATES  CHAPTER I.  SERVICES
393,315,Public Service Commissions for the Union and for the States.,PART XIV,SERVICES UNDER THE UNION AND THE STATES  CHAPTER I.  SERVICES
394,316,Appointment and term of office of members.,PART XIV,SERVICES UNDER THE UNION AND THE STATES  CHAPTER I.  SERVICES
395,317,Removal and suspension of a member of a Public Service  Commission.,PART XIV,SERVICES UNDER THE UNION AND THE STATES  CHAPTER I.  SERVICES
396,318,Power to make regulations as to conditions of service of  members and staff of the Commission.,PART XIV,SERVICES UNDER THE UNION AND THE STATES  CHAPTER I.  SERVICES
397,319,Prohibition as to the holding of offices by members of  Commission on ceasing to be such members.,PART XIV,SERVICES UNDER THE UNION AND THE STATES  CHAPTER I.  SERVICES
398,320,Functions of Public Service Commissions.,PART XIV,SERVICES UNDER THE UNION AND THE STATES  CHAPTER I.  SERVICES
399,321,Power to extend functions of Public Service Commissions.,PART XIV,SERVICES UNDER THE UNION AND THE STATES  CHAPTER I.  SERVICES
400,322,Expenses of Public Service Commissions.,PART XIV,SERVICES UNDER THE UNION AND THE STATES  CHAPTER I.  SERVICES
401,323,Reports of Public Service Commissions.,PART XIV,SERVICES UNDER THE UNION AND THE STATES  CHAPTER I.  SERVICES
402,323A,Administrative tribunals.,PART XIVA,TRIBUNALS
403,323B,Tribunals for other matters.,PART XIVA,TRIBUNALS
404,324,"Superintendence, direction and control of elections to be vested  in an Election Commission.",PART XV,ELECTIONS
405,325,"No person to be ineligible for inclusion in, or to claim to be  included in a special, electoral roll on grounds of religion, race,  caste or sex.",PART XV,ELECTIONS
406,326,Elections to the House of the People and to the Legislative  Assemblies of States to be on the basis of adult suffrage.,PART XV,ELECTIONS
407,327,Power of Parliament to make provision with respect to elections  to Legislatures.,PART XV,ELECTIONS
408,328,Power of Legislature of a State to make provision with respect to  elections to such Legislature.,PART XV,ELECTIONS
409,329,Bar to interference by courts in electoral matters.    [,PART XV,ELECTIONS
410,329A,Special provision as to elections to Parliament in the case of  Prime Minister and Speaker. Omitted.],PART XV,ELECTIONS
411,330,Reservation of seats for Scheduled Castes and Scheduled Tribes  in the House of the People.,PART XVI,SPECIAL PROVISIONS RELATING TO CERTAIN  CLASSES
412,331,Representation of the Anglo-Indian community in the House of  the People.,PART XVI,SPECIAL PROVISIONS RELATING TO CERTAIN  CLASSES
413,332,Reservation of seats for Scheduled Castes and Scheduled Tribes  in the Legislative Assemblies of the States.,PART XVI,SPECIAL PROVISIONS RELATING TO CERTAIN  CLASSES
414,333,Representation of the Anglo-Indian community in the  Legislative Assemblies of the States.,PART XVI,SPECIAL PROVISIONS RELATING TO CERTAIN  CLASSES
415,334,Reservation of seats and special representation to cease after  certain period.,PART XVI,SPECIAL PROVISIONS RELATING TO CERTAIN  CLASSES
416,335,Claims of Scheduled Castes and Scheduled Tribes to services  and posts.,PART XVI,SPECIAL PROVISIONS RELATING TO CERTAIN  CLASSES
417,336,Special provision for Anglo-Indian community in certain  services.,PART XVI,SPECIAL PROVISIONS RELATING TO CERTAIN  CLASSES
418,337,Special provision with respect to educational grants for the  benefit of Anglo-Indian Community.,PART XVI,SPECIAL PROVISIONS RELATING TO CERTAIN  CLASSES
419,338,National Commission for Scheduled Castes.,PART XVI,SPECIAL PROVISIONS RELATING TO CERTAIN  CLASSES
420,338A,National Commission for Scheduled Tribes.,PART XVI,SPECIAL PROVISIONS RELATING TO CERTAIN  CLASSES
421,338B,National Commission for Backward Classes.,PART XVI,SPECIAL PROVISIONS RELATING TO CERTAIN  CLASSES
422,339,Control of the Union over the administration of Scheduled Areas  and the welfare of Scheduled Tribes.,PART XVI,SPECIAL PROVISIONS RELATING TO CERTAIN  CLASSES
423,340,Appointment of  a Commission to investigate the conditions of  backward classes.,PART XVI,SPECIAL PROVISIONS RELATING TO CERTAIN  CLASSES
424,341,Scheduled Castes.,PART XVI,SPECIAL PROVISIONS RELATING TO CERTAIN  CLASSES
425,342,Scheduled Tribes.,PART XVI,SPECIAL PROVISIONS RELATING TO CERTAIN  CLASSES
426,342A,Socially and educationally backward classes.,PART XVI,SPECIAL PROVISIONS RELATING TO CERTAIN  CLASSES
427,343,Official language of the Union.,PART XVII,OFFICIAL LANGUAGE  CHAPTER I.—LANGUAGE OF THE UNION
428,344,Commission and Committee of Parliament on official language.   CHAPTER II.  REGIONAL LANGUAGES,PART XVII,OFFICIAL LANGUAGE  CHAPTER I.—LANGUAGE OF THE UNION
429,345,Official language or languages of a State.,PART XVII,OFFICIAL LANGUAGE  CHAPTER I.—LANGUAGE OF THE UNION
430,346,Official language for communication between one State and  another or between a State and the Union.,PART XVII,OFFICIAL LANGUAGE  CHAPTER I.—LANGUAGE OF THE UNION
431,347,"Special provision relating to language spoken by a section of the  population of a State.   CHAPTER III. LANGUAGE OF THE SUPREME COURT,  HIGH COURTS, ETC.",PART XVII,OFFICIAL LANGUAGE  CHAPTER I.—LANGUAGE OF THE UNION
432,348,"Language to be used in the Supreme Court and in the High  Courts and for Acts, Bills, etc.",PART XVII,OFFICIAL LANGUAGE  CHAPTER I.—LANGUAGE OF THE UNION
433,349,Special procedure for enactment of certain laws relating to  language.   CHAPTER IV. SPECIAL DIRECTIVES,PART XVII,OFFICIAL LANGUAGE  CHAPTER I.—LANGUAGE OF THE UNION
434,350,Language to be used in representations for redress of grievances.,PART XVII,OFFICIAL LANGUAGE  CHAPTER I.—LANGUAGE OF THE UNION
435,350A,Facilities for instruction in mother -tongue at primary stage.,PART XVII,OFFICIAL LANGUAGE  CHAPTER I.—LANGUAGE OF THE UNION
436,350B,Special Officer for linguistic minorities.,PART XVII,OFFICIAL LANGUAGE  CHAPTER I.—LANGUAGE OF THE UNION
437,351,Directive for development of the Hindi language.,PART XVII,OFFICIAL LANGUAGE  CHAPTER I.—LANGUAGE OF THE UNION
438,352,Proclamation of Emergency.,PART XVIII,EMERGENCY PROVISIONS
439,353,Effect of Proclamation of Emergency.,PART XVIII,EMERGENCY PROVISIONS
440,354,Application of provisions relating to distribution of revenues  while a Proclamation of Emergency is in operation.,PART XVIII,EMERGENCY PROVISIONS
441,355,Duty of the Union to protect States against external aggression  and internal disturbance.,PART XVIII,EMERGENCY PROVISIONS
442,356,Provisions in case of failure of constitutional machinery in  States.,PART XVIII,EMERGENCY PROVISIONS
443,357,Exercise of legislative powers under Proclamation issued under  article,PART XVIII,EMERGENCY PROVISIONS
444,358,Suspension  of provisions of article 19 during emergencies.,PART XVIII,EMERGENCY PROVISIONS
445,359,Suspension of the enforcement of  the rights conferred by Part III  during emergencies.  [,PART XVIII,EMERGENCY PROVISIONS
446,359A,Application of this Part to the State of Punjab. Omitted.],PART XVIII,EMERGENCY PROVISIONS
447,360,Provisions as to financial emergency.,PART XVIII,EMERGENCY PROVISIONS
448,361,Protection of President and Governors and Rajpramukhs.,PART XIX,MISCELLANEOUS
449,361A,Protection of publication of proceedings of Parliament and State  Legislatures.,PART XIX,MISCELLANEOUS
450,361B,Disqualification for appointment on remunerative political post.   [,PART XIX,MISCELLANEOUS
451,362,Rights and privileges of Rulers of Indian States. Omitted.],PART XIX,MISCELLANEOUS
452,363,"Bar to interference by courts  in disputes arising out of certain  treaties, agreements, etc.",PART XIX,MISCELLANEOUS
453,363A,Recognition granted to Rulers of Indian States to cease and privy  purses to be abolished.,PART XIX,MISCELLANEOUS
454,364,Special provisions as to major ports and aerodromes.,PART XIX,MISCELLANEOUS
455,365,"Effect of failure to comply wit h, or to give effect to, directions  given by the Union.",PART XIX,MISCELLANEOUS
456,366,Definitions.,PART XIX,MISCELLANEOUS
457,367,Interpretation.,PART XIX,MISCELLANEOUS
458,368,Power of Parliament to amend the Constitution and procedure  therefor.,PART XX,AMENDMENT OF THE CONSTITUTION
459,369,Temporary power to Parliament to make laws with respect to  certain matters in the State List as if they were matters in the  Concurrent List.,PART XXI,"TEMPORARY, TRANSITIONAL AND   SPECIAL PROVISIONS"
460,370,Temporary provisions with respect to the State of Jammu and  Kashmir.,PART XXI,"TEMPORARY, TRANSITIONAL AND   SPECIAL PROVISIONS"
461,371,Special prov ision with respect to the States of Maharashtra and  Gujarat.,PART XXI,"TEMPORARY, TRANSITIONAL AND   SPECIAL PROVISIONS"
462,371A,Special provision with respect to the State of Nagaland.,PART XXI,"TEMPORARY, TRANSITIONAL AND   SPECIAL PROVISIONS"
463,371C,Special provision with respect to the State of Manipur.,PART XXI,"TEMPORARY, TRANSITIONAL AND   SPECIAL PROVISIONS"
464,371D,Special provisions with respect to the State of Andhra Pradesh or  the State of Telangana.,PART XXI,"TEMPORARY, TRANSITIONAL AND   SPECIAL PROVISIONS"
465,371E,Establishment of Central University in Andhra Pradesh.,PART XXI,"TEMPORARY, TRANSITIONAL AND   SPECIAL PROVISIONS"
466,371F,Special provisions with respect to the State of Sikkim.,PART XXI,"TEMPORARY, TRANSITIONAL AND   SPECIAL PROVISIONS"
467,371G,Special provision with respect t o the State of Mizoram.,PART XXI,"TEMPORARY, TRANSITIONAL AND   SPECIAL PROVISIONS"
468,371H,Special provision with respect to the State of Arunachal Pradesh.,PART XXI,"TEMPORARY, TRANSITIONAL AND   SPECIAL PROVISIONS"
469,371J,Special provisions with respect to the State of  Karnataka.,PART XXI,"TEMPORARY, TRANSITIONAL AND   SPECIAL PROVISIONS"
470,372,Continuance in force of e xisting laws and their adaptation.,PART XXI,"TEMPORARY, TRANSITIONAL AND   SPECIAL PROVISIONS"
471,372A,Power of the President to adapt laws.,PART XXI,"TEMPORARY, TRANSITIONAL AND   SPECIAL PROVISIONS"
472,373,Power of President to make order in respect of persons under  preventive detention in certain cases.,PART XXI,"TEMPORARY, TRANSITIONAL AND   SPECIAL PROVISIONS"
473,374,Provisions as to Judges of the Federal Court and proceedings  pending in the Federal Court or before His Majesty in Council.,PART XXI,"TEMPORARY, TRANSITIONAL AND   SPECIAL PROVISIONS"
474,375,"Courts, authorities and officers to continue to function subject to  the provisions of the Constitution.",PART XXI,"TEMPORARY, TRANSITIONAL AND   SPECIAL PROVISIONS"
475,376,Provisions as to Judges of High Courts.,PART XXI,"TEMPORARY, TRANSITIONAL AND   SPECIAL PROVISIONS"
476,377,Provisions as to Comptroller and Auditor-General of India.,PART XXI,"TEMPORARY, TRANSITIONAL AND   SPECIAL PROVISIONS"
477,378,Provisions as to Public Service Commissions.,PART XXI,"TEMPORARY, TRANSITIONAL AND   SPECIAL PROVISIONS"
478,378A,Special provision as to duration of Andhra Pradesh Legislative  Assembly.  [,PART XXI,"TEMPORARY, TRANSITIONAL AND   SPECIAL PROVISIONS"
479,379,Provisions as to provisional Parliament and the Speaker and  Deputy Speaker thereof. Omitted.]   [,PART XXI,"TEMPORARY, TRANSITIONAL AND   SPECIAL PROVISIONS"
480,380,Provision as to President.  Omitted.]  [,PART XXI,"TEMPORARY, TRANSITIONAL AND   SPECIAL PROVISIONS"
481,381,Council of Ministers of the President. Omitted.]  [,PART XXI,"TEMPORARY, TRANSITIONAL AND   SPECIAL PROVISIONS"
482,382,Provisions as to provisional Legislatures for States in Part A of  the First Schedule. -- Omitted. ]  [,PART XXI,"TEMPORARY, TRANSITIONAL AND   SPECIAL PROVISIONS"
483,383,Provision as to Governors of Provinces. -- Omitted. ]  [,PART XXI,"TEMPORARY, TRANSITIONAL AND   SPECIAL PROVISIONS"
484,384,Council of Ministers of the Governors. Omitted.]  [,PART XXI,"TEMPORARY, TRANSITIONAL AND   SPECIAL PROVISIONS"
485,385,Provision as to provisional Legislatures in States in Part B of the  First Schedule. Omitted.]  [,PART XXI,"TEMPORARY, TRANSITIONAL AND   SPECIAL PROVISIONS"
486,386,Council of Ministers for  States in Part B of the First Schedule.  - - Omitted. ]  [,PART XXI,"TEMPORARY, TRANSITIONAL AND   SPECIAL PROVISIONS"
487,387,Special provision as to determination of population for the  purposes of certain elections. Omitted.]  [,PART XXI,"TEMPORARY, TRANSITIONAL AND   SPECIAL PROVISIONS"
488,388,Provisions as to the filling of casual vacancies in the  provisional  Parliament and  provisional Legislatures of the States.   Omitted.]  [,PART XXI,"TEMPORARY, TRANSITIONAL AND   SPECIAL PROVISIONS"
489,389,Provision as to Bills pending in the Dominion Legislatures and   in the Legislatures of Provinces and Indian States. Omitted.]  [,PART XXI,"TEMPORARY, TRANSITIONAL AND   SPECIAL PROVISIONS"
490,390,Money received or raised or expenditure incurred between the  commencement of the Constitution and the,PART XXI,"TEMPORARY, TRANSITIONAL AND   SPECIAL PROVISIONS"
491,1950,Omitted.],PART XXI,"TEMPORARY, TRANSITIONAL AND   SPECIAL PROVISIONS"
492,391,Power of the President to amend the First and Fourth Schedules  in certain contingencies. Omitted.],PART XXI,"TEMPORARY, TRANSITIONAL AND   SPECIAL PROVISIONS"
493,392,Power of the President to remove difficulties.,PART XXI,"TEMPORARY, TRANSITIONAL AND   SPECIAL PROVISIONS"
494,393,Short title.,PART XXII,"SHORT TITLE, COMMENCEMENT,  AUTHORITATIVE TEXT  IN HINDI AND REPEALS"
495,394,Commencement.,PART XXII,"SHORT TITLE, COMMENCEMENT,  AUTHORITATIVE TEXT  IN HINDI AND REPEALS"
496,394A,Authoritative text in the Hindi language.,PART XXII,"SHORT TITLE, COMMENCEMENT,  AUTHORITATIVE TEXT  IN HINDI AND REPEALS"
497,395,Repeals.,PART XXII,"SHORT TITLE, COMMENCEMENT,  AUTHORITATIVE TEXT  IN HINDI AND REPEALS"
